<?xml version="1.0" encoding="UTF-8" ?>
<!DOCTYPE mapper PUBLIC "-//mybatis.org//DTD Mapper 3.0//EN" "http://mybatis.org/dtd/mybatis-3-mapper.dtd" >
<mapper namespace="com.zuzuche.task.mapper.HttpTaskLogMapper" >
  <resultMap id="BaseResultMap" type="com.zuzuche.task.entity.HttpTaskLog" >
    <result column="id" property="id" jdbcType="INTEGER" />
    <result column="type_id" property="typeId" jdbcType="INTEGER" />
    <result column="url" property="url" jdbcType="VARCHAR" />
    <result column="method" property="method" jdbcType="VARCHAR" />
    <result column="params" property="params" jdbcType="VARCHAR" />
    <result column="priority" property="priority" jdbcType="VARCHAR" />
    <result column="retry_strategy" property="retryStrategy" jdbcType="INTEGER" />
    <result column="retry_max_count" property="retryMaxCount" jdbcType="INTEGER" />
    <result column="create_time" property="createTime" jdbcType="TIMESTAMP" />
  </resultMap>


    <select id="queryByTaskId" resultType="com.zuzuche.task.entity.HttpTaskLog">
          select * from http_task_log where task_id = #{taskId}
    </select>

</mapper>