<?xml version="1.0" encoding="UTF-8" ?>
<!DOCTYPE mapper PUBLIC "-//mybatis.org//DTD Mapper 3.0//EN" "http://mybatis.org/dtd/mybatis-3-mapper.dtd" >
<mapper namespace="com.zuzuche.task.mapper.HttpTaskResultMapper" >
  <resultMap id="BaseResultMap" type="com.zuzuche.task.entity.HttpTaskResult" >
    <result column="id" property="id" jdbcType="INTEGER" />
    <result column="task_id" property="taskId" jdbcType="INTEGER" />
    <result column="http_code" property="httpCode" jdbcType="INTEGER" />
    <result column="sys_code" property="sysCode" jdbcType="VARCHAR" />
    <result column="sys_message" property="sysMessage" jdbcType="VARCHAR" />
    <result column="time_cost" property="timeCost" jdbcType="REAL" />
    <result column="create_time" property="createTime" jdbcType="TIMESTAMP" />
    <result column="update_time" property="updateTime" jdbcType="TIMESTAMP" />
  </resultMap>
    <update id="updateByTaskId" parameterType="map">
        update http_task_result
        set sys_code = #{sysCode} ,
            sys_message = #{sysMessage} ,
            retry_no = #{retryNo},
            update_time = #{updateTime}
        where task_id = #{taskId}
    </update>

    <!--<select id="queryBySysCodeAndTime" parameterType="map" resultType="java.util.List" >-->
        <!--select * from http_task_result t-->
        <!--<where>-->
            <!--<if test ="sysCode !=null and sysCode !=''">-->
                <!--and t.sys_code=#{sysCode}-->
            <!--</if>-->
            <!--<if test = "beginTime != null or endTime != null">-->
                <!--and t.create_time between #{beginTime} and  #{endTime}-->
            <!--</if>-->
        <!--</where>-->

    <!--</select>-->

    <select id="queryBySysCodeAndTime" parameterType="Map" resultType="com.zuzuche.task.entity.HttpTaskResult" >
        select * from http_task_result
        <where>
            <if test ="sysCode !=null and sysCode !=''">
                and sys_code=#{sysCode}
            </if>
            <if test = "beginTime != null or endTime != null">
                and create_time between #{beginTime} and #{endTime}
            </if>
        </where>

    </select>
</mapper>