<?xml version="1.0" encoding="UTF-8" ?>
<!DOCTYPE mapper PUBLIC "-//mybatis.org//DTD Mapper 3.0//EN" "http://mybatis.org/dtd/mybatis-3-mapper.dtd" >
<mapper namespace="com.zuzuche.task.mapper.RetryTaskPlanHourMapper" >
  <resultMap id="BaseResultMap" type="com.zuzuche.task.entity.RetryTaskPlanHour" >
    <result column="id" property="id" jdbcType="INTEGER" />
    <result column="task_id" property="taskId" jdbcType="VARCHAR" />
    <result column="retry_time" property="retryTime" jdbcType="TIMESTAMP" />
    <result column="create_time" property="createTime" jdbcType="TIMESTAMP" />
    <result column="retry_strategy" property="retryStrategy" jdbcType="INTEGER" />
    <result column="retry_no" property="retryNo" jdbcType="INTEGER" />
  </resultMap>
  <select id="poll" resultType="com.zuzuche.task.entity.RetryTaskPlanHour">
       select * from retry_task_plan_hour
       where id > #{beginId}
        <![CDATA[
         and retry_time < #{nowTime}
        ]]>
       order by id asc limit #{maxNum}
  </select>

    <insert id="batchinsertRetry" parameterType="java.util.List">
       insert into retry_task_plan_hour(task_id,retry_time,create_time,retry_strategy,retry_no) values
        <foreach collection="retryTaskPlanHours" item="item" index="index" separator=",">
            (#{item.taskId},
            date_add(now(),interval 1 hour),
            now(),
            #{item.retryStrategy},
            #{item.retryNo})
        </foreach>
    </insert>

    <select id="isExist" parameterType="Map" resultType="com.zuzuche.task.entity.RetryTaskPlanHour">
        select * from retry_task_plan_hour where task_id=#{taskId} and #{taskId} in (
        select task_id from retry_task_plan_hour where id>=#{offset}
        )
    </select>
</mapper>