<?xml version="1.0" encoding="UTF-8" ?>
<!DOCTYPE mapper PUBLIC "-//mybatis.org//DTD Mapper 3.0//EN" "http://mybatis.org/dtd/mybatis-3-mapper.dtd" >
<mapper namespace="com.zuzuche.task.mapper.RetryOffsetMapper" >
  <resultMap id="BaseResultMap" type="com.zuzuche.task.entity.RetryOffset" >
    <result column="id" property="id" jdbcType="INTEGER" />
    <result column="offset_key" property="offsetKey" jdbcType="VARCHAR" />
    <result column="offset_value" property="offsetValue" jdbcType="INTEGER" />
  </resultMap>


  <select id="queryByOffsetKey" resultMap="BaseResultMap">
        select * from retry_offset where offset_key = #{offsetKey}
    </select>

  <update id="commitOffsetValue" parameterType="map">
        update retry_offset set offset_value= #{offsetValue} where offset_key = #{offsetKey}
  </update>

  <select id="selectByOffset" parameterType="map" resultType="int">
    select offset_value from retry_offset where offset_key=#{offsetKey}
  </select>
</mapper>