<?xml version="1.0" encoding="UTF-8" ?>
<!DOCTYPE mapper PUBLIC "-//mybatis.org//DTD Mapper 3.0//EN" "http://mybatis.org/dtd/mybatis-3-mapper.dtd" >
<mapper namespace="com.zuzuche.task.mapper.RetryTaskResultMapper" >
  <resultMap id="BaseResultMap" type="com.zuzuche.task.entity.RetryTaskResult" >
    <result column="id" property="id" jdbcType="INTEGER" />
    <result column="task_id" property="taskId" jdbcType="VARCHAR" />
    <result column="http_code" property="httpCode" jdbcType="INTEGER" />
    <result column="sys_code" property="sysCode" jdbcType="VARCHAR" />
    <result column="sys_message" property="sysMessage" jdbcType="VARCHAR" />
    <result column="time_cost" property="timeCost" jdbcType="INTEGER" />
    <result column="create_time" property="createTime" jdbcType="TIMESTAMP" />
    <result column="update_time" property="updateTime" jdbcType="TIMESTAMP" />
    <result column="retry_No" property="retryNo" jdbcType="INTEGER" />
  </resultMap>
  <resultMap id="ResultMapWithBLOBs" type="com.zuzuche.task.entity.RetryTaskResult" extends="BaseResultMap" >
    <result column="result_content" property="resultContent" jdbcType="LONGVARCHAR" />
  </resultMap>

</mapper>