<?xml version="1.0" encoding="UTF-8" ?>
<!DOCTYPE mapper PUBLIC "-//mybatis.org//DTD Mapper 3.0//EN" "http://mybatis.org/dtd/mybatis-3-mapper.dtd" >
<mapper namespace="com.zuzuche.task.mapper.RetryStrategyMapper" >
  <resultMap id="BaseResultMap" type="com.zuzuche.task.entity.RetryStrategy" >
    <result column="id" property="id" jdbcType="INTEGER" />
    <result column="interval_sec" property="intervalSec" jdbcType="INTEGER" />
    <result column="max_count" property="maxCount" jdbcType="INTEGER" />
    <result column="hit_term" property="hitTerm" jdbcType="VARCHAR" />
    <result column="create_time" property="createTime" jdbcType="TIMESTAMP" />
    <result column="update_time" property="updateTime" jdbcType="TIMESTAMP" />
    <result column="valid_state" property="validState" jdbcType="INTEGER" />
  </resultMap>
    <select id="queryAll" resultType="com.zuzuche.task.entity.RetryStrategy">
        select * from retry_strategy where valid_state=1
    </select>

</mapper>