<?xml version="1.0" encoding="UTF-8" ?>
<!DOCTYPE mapper PUBLIC "-//mybatis.org//DTD Mapper 3.0//EN" "http://mybatis.org/dtd/mybatis-3-mapper.dtd" >
<mapper namespace="com.zuzuche.sms.mapper.AccountIdBakPolicyMapper" >
  <resultMap id="BaseResultMap" type="com.zuzuche.sms.entity.AccountIdBakPolicy" >
    <result column="id" property="id" jdbcType="INTEGER" />
    <result column="account_id" property="accountId" jdbcType="INTEGER" />
    <result column="back_up1" property="backUp1" jdbcType="INTEGER" />
    <result column="back_up2" property="backUp2" jdbcType="INTEGER" />
    <result column="create_time" property="createTime" jdbcType="TIMESTAMP" />
    <result column="update_time" property="updateTime" jdbcType="TIMESTAMP" />
  </resultMap>
</mapper>