<?xml version="1.0" encoding="UTF-8" ?>
<!DOCTYPE mapper PUBLIC "-//mybatis.org//DTD Mapper 3.0//EN" "http://mybatis.org/dtd/mybatis-3-mapper.dtd" >
<mapper namespace="com.zuzuche.sms.mapper.CommonMatchRuleMapper" >
  <resultMap id="BaseResultMap" type="com.zuzuche.sms.entity.CommonMatchRule" >
    <result column="id" property="id" jdbcType="INTEGER" />
    <result column="sign" property="sign" jdbcType="SMALLINT" />
    <result column="type" property="type" jdbcType="TINYINT" />
    <result column="region_type" property="regionType" jdbcType="TINYINT" />
    <result column="supplier" property="supplier" jdbcType="VARCHAR" />
    <result column="level" property="level" jdbcType="SMALLINT" />
    <result column="add_time" property="addTime" jdbcType="INTEGER" />
    <result column="update_time" property="updateTime" jdbcType="INTEGER" />
  </resultMap>
</mapper>