<?xml version="1.0" encoding="UTF-8" ?>
<!DOCTYPE mapper PUBLIC "-//mybatis.org//DTD Mapper 3.0//EN" "http://mybatis.org/dtd/mybatis-3-mapper.dtd" >
<mapper namespace="com.zuzuche.sms.mapper.OutboundAccountBindMapper" >
  <resultMap id="BaseResultMap" type="com.zuzuche.sms.entity.OutboundAccountBind" >
    <result column="bind_id" property="bindId" jdbcType="INTEGER" />
    <result column="sign_id" property="signId" jdbcType="INTEGER" />
    <result column="sms_type" property="smsType" jdbcType="VARCHAR" />
    <result column="area_type" property="areaType" jdbcType="INTEGER" />
    <result column="account_id" property="accountId" jdbcType="VARCHAR" />
    <result column="remark" property="remark" jdbcType="VARCHAR" />
    <result column="create_time" property="createTime" jdbcType="TIMESTAMP" />
    <result column="update_time" property="updateTime" jdbcType="TIMESTAMP" />
    <result column="valid_state" property="validState" jdbcType="TINYINT" />
  </resultMap>

</mapper>