<?xml version="1.0" encoding="UTF-8" ?>
<!DOCTYPE mapper PUBLIC "-//mybatis.org//DTD Mapper 3.0//EN" "http://mybatis.org/dtd/mybatis-3-mapper.dtd" >
<mapper namespace="com.zuzuche.sms.mapper.PhoneMemberMapper" >
  <resultMap id="BaseResultMap" type="com.zuzuche.sms.entity.PhoneMember" >
    <result column="id" property="id" jdbcType="INTEGER" />
    <result column="mobile" property="mobile" jdbcType="VARCHAR" />
    <result column="type" property="type" jdbcType="TINYINT" />
    <result column="remark" property="remark" jdbcType="VARCHAR" />
    <result column="add_time" property="addTime" jdbcType="INTEGER" />
    <result column="sms_types" property="smsTypes" jdbcType="VARCHAR" />
    <result column="from_types" property="fromTypes" jdbcType="VARCHAR" />
  </resultMap>
</mapper>