<?xml version="1.0" encoding="UTF-8" ?>
<!DOCTYPE mapper PUBLIC "-//mybatis.org//DTD Mapper 3.0//EN" "http://mybatis.org/dtd/mybatis-3-mapper.dtd" >
<mapper namespace="com.zuzuche.sms.mapper.ProviderAccountInfoMapper" >
  <resultMap id="BaseResultMap" type="com.zuzuche.sms.entity.ProviderAccountInfo" >
    <result column="account_id" property="accountId" jdbcType="INTEGER" />
    <result column="account_name" property="accountName" jdbcType="VARCHAR" />
    <result column="account_pwd" property="accountPwd" jdbcType="VARCHAR" />
    <result column="account_type" property="accountType" jdbcType="INTEGER" />
    <result column="account_type_desc" property="accountTypeDesc" jdbcType="VARCHAR" />
    <result column="provider_id" property="providerId" jdbcType="INTEGER" />
    <result column="remark" property="remark" jdbcType="VARCHAR" />
    <result column="create_time" property="createTime" jdbcType="TIMESTAMP" />
    <result column="update_time" property="updateTime" jdbcType="TIMESTAMP" />
    <result column="valid_state" property="validState" jdbcType="TINYINT" />
    <result column="area_type" property="areaType" jdbcType="TINYINT" />
    <result column="account_serv_code" property="accountServCode" jdbcType="TINYINT" />

  </resultMap>


    <select id="queryAllAccountList" resultMap="BaseResultMap">
        select * from provider_account_info where valid_state = 1
    </select>

</mapper>