<?xml version="1.0" encoding="UTF-8" ?>
<!DOCTYPE mapper PUBLIC "-//mybatis.org//DTD Mapper 3.0//EN" "http://mybatis.org/dtd/mybatis-3-mapper.dtd" >
<mapper namespace="com.zuzuche.sms.mapper.RulesSupplierRelatedMapper" >
  <resultMap id="BaseResultMap" type="com.zuzuche.sms.entity.RulesSupplierRelated" >
    <result column="id" property="id" jdbcType="INTEGER" />
    <result column="rule_id" property="ruleId" jdbcType="INTEGER" />
    <result column="supplier" property="supplier" jdbcType="VARCHAR" />
    <result column="level" property="level" jdbcType="SMALLINT" />
    <result column="status" property="status" jdbcType="TINYINT" />
    <result column="add_time" property="addTime" jdbcType="INTEGER" />
    <result column="update_time" property="updateTime" jdbcType="INTEGER" />
  </resultMap>

  <select id="queryAllRulesList" resultType="com.zuzuche.sms.vo.SupplierRuleMatchInfo" >
      SELECT ru.sign, re.supplier, re.level,re.account_id
      FROM zuzuche_sms_db.supplier_match_rules_tbl ru
      INNER JOIN zuzuche_sms_db.rules_supplier_related_tbl re
      ON ru.id = re.rule_id
      WHERE re.status = 1 AND ru.status = 1
      ORDER BY ru.level DESC, re.level DESC
  </select>
</mapper>