<?xml version="1.0" encoding="UTF-8" ?>
<!DOCTYPE mapper PUBLIC "-//mybatis.org//DTD Mapper 3.0//EN" "http://mybatis.org/dtd/mybatis-3-mapper.dtd" >
<mapper namespace="com.zuzuche.sms.mapper.SafeMonitorRuleMapper" >
  <resultMap id="BaseResultMap" type="com.zuzuche.sms.entity.SafeMonitorRule" >
    <result column="id" property="id" jdbcType="INTEGER" />
    <result column="func" property="func" jdbcType="VARCHAR" />
    <result column="name" property="name" jdbcType="VARCHAR" />
    <result column="status" property="status" jdbcType="TINYINT" />
    <result column="extra_param" property="extraParam" jdbcType="VARCHAR" />
    <result column="add_time" property="addTime" jdbcType="INTEGER" />
  </resultMap>
  <resultMap id="ResultMapWithBLOBs" type="com.zuzuche.sms.entity.SafeMonitorRule" extends="BaseResultMap" >
    <result column="safe_monitor_rule_tbldesc" property="desc" jdbcType="LONGVARCHAR" />
  </resultMap>
  <select id="qureyAll" resultType="com.zuzuche.sms.entity.SafeMonitorRule">
    SELECT id,func,name,status,safe_monitor_rule_tbl.desc,extra_param,add_time  FROM zuzuche_sms_db.safe_monitor_rule_tbl
  </select>
</mapper>