<?xml version="1.0" encoding="UTF-8" ?>
<!DOCTYPE mapper PUBLIC "-//mybatis.org//DTD Mapper 3.0//EN" "http://mybatis.org/dtd/mybatis-3-mapper.dtd" >
<mapper namespace="com.zuzuche.sms.mapper.SmsBatchSendReportMapper" >
  <resultMap id="BaseResultMap" type="com.zuzuche.sms.entity.SmsBatchSendReport" >
    <result column="id" property="id" jdbcType="INTEGER" />
    <result column="batch_no" property="batchNo" jdbcType="VARCHAR" />
    <result column="push_total" property="pushTotal" jdbcType="INTEGER" />
    <result column="push_success" property="pushSuccess" jdbcType="INTEGER" />
    <result column="push_fail" property="pushFail" jdbcType="INTEGER" />
    <result column="arrival_success" property="arrivalSuccess" jdbcType="INTEGER" />
    <result column="arrival_fail" property="arrivalFail" jdbcType="INTEGER" />
    <result column="bill_count" property="billCount" jdbcType="INTEGER" />
    <result column="create_time" property="createTime" jdbcType="TIMESTAMP" />
  </resultMap>

  <select id="selectByBatchNo" parameterType="map" resultType="com.zuzuche.sms.entity.SmsBatchSendReport">
      select * from zuzuche_sms_db.sms_batch_send_report where batch_no=#{batchNo}
  </select>
  <update id="updateByBatchNo">
    update zuzuche_sms_db.sms_batch_send_report set push_total=#{pushTotal},push_success=#{pushSuccess}
    ,push_fail=#{pushFail},arrival_success=#{arrivalSuccess},arrival_fail=#{arrivalFail},bill_count=#{billCount}
    where batch_no=#{batchNo}
  </update>
</mapper>