<?xml version="1.0" encoding="UTF-8" ?>
<!DOCTYPE mapper PUBLIC "-//mybatis.org//DTD Mapper 3.0//EN" "http://mybatis.org/dtd/mybatis-3-mapper.dtd" >
<mapper namespace="com.zuzuche.sms.mapper.SmsBatchTaskMapper">
    <resultMap id="BaseResultMap" type="com.zuzuche.sms.entity.SmsBatchTask">
        <result column="id" property="id" jdbcType="INTEGER"/>
        <result column="file_id" property="fileId" jdbcType="VARCHAR"/>
        <result column="batch_mt_id" property="batchMtId" jdbcType="INTEGER"/>
        <result column="status" property="status" jdbcType="INTEGER"/>
        <result column="offset" property="offset" jdbcType="INTEGER"/>
        <result column="plan_send_time" property="planSendTime" jdbcType="TIMESTAMP"/>
        <result column="create_time" property="createTime" jdbcType="TIMESTAMP"/>
        <result column="update_time" property="updateTime" jdbcType="TIMESTAMP"/>
        <result column="deleted" property="deleted" jdbcType="INTEGER"/>
    </resultMap>
    <update id="updateStatus" parameterType="map">
    update zuzuche_sms_db.sms_batch_task set status=#{updStatus},update_time=current_timestamp where id=#{id} and status=#{preStatus}
  </update>

    <update id="updateOffset" parameterType="com.zuzuche.sms.entity.SmsBatchTask">
    update zuzuche_sms_db.sms_batch_task set offset=#{offset} where id=#{id}
  </update>

    <select id="selectStatusAndPlanTime" parameterType="map" resultType="com.zuzuche.sms.entity.SmsBatchTask">
    select * from zuzuche_sms_db.sms_batch_task where status=#{status} and <![CDATA[
    plan_send_time <=#{nowTime,jdbcType=TIMESTAMP}
        ]]>
    </select>

    <select id="selectList" parameterType="map" resultType="com.zuzuche.sms.entity.SmsBatchTask">
        select * from zuzuche_sms_db.sms_batch_task
        <where>
            <if test="id != null">
                and id=#{id}
            </if>
            and create_time between #{startTime} and #{endTime}
        </where>
        order by id desc
    </select>

    <select id="selectInDays" parameterType="map" resultType="com.zuzuche.sms.entity.SmsBatchTask">
        select * from zuzuche_sms_db.sms_batch_task
        <where>
            plan_send_time between #{startTime} and #{endTime}
        </where>
        order by plan_send_time desc
    </select>
</mapper>