<?xml version="1.0" encoding="UTF-8" ?>
<!DOCTYPE mapper PUBLIC "-//mybatis.org//DTD Mapper 3.0//EN" "http://mybatis.org/dtd/mybatis-3-mapper.dtd" >
<mapper namespace="com.zuzuche.sms.mapper.SmsBatchMtTblMapper" >
  <resultMap id="BaseResultMap" type="com.zuzuche.sms.entity.SmsBatchMtTbl" >
    <result column="id" property="id" jdbcType="INTEGER" />
    <result column="add_time" property="addTime" jdbcType="TIMESTAMP" />
    <result column="type" property="type" jdbcType="INTEGER" />
    <result column="region_type" property="regionType" jdbcType="INTEGER" />
    <result column="sign_type" property="signType" jdbcType="INTEGER" />
    <result column="from_unique_id" property="fromUniqueId" jdbcType="VARCHAR" />
    <result column="from_type" property="fromType" jdbcType="VARCHAR" />
    <result column="admin" property="admin" jdbcType="VARCHAR" />
    <result column="extra_param" property="extraParam" jdbcType="LONGVARCHAR" />
    <result column="content" property="content" jdbcType="LONGVARCHAR" />
  </resultMap>
</mapper>