<?xml version="1.0" encoding="UTF-8" ?>
<!DOCTYPE mapper PUBLIC "-//mybatis.org//DTD Mapper 3.0//EN" "http://mybatis.org/dtd/mybatis-3-mapper.dtd" >
<mapper namespace="com.zuzuche.sms.mapper.SmsCustomerMapper" >
  <resultMap id="BaseResultMap" type="com.zuzuche.sms.entity.SmsCustomer" >
    <result column="id" property="id" jdbcType="INTEGER" />
    <result column="sign" property="sign" jdbcType="VARCHAR" />
    <result column="name" property="name" jdbcType="VARCHAR" />
    <result column="admin" property="admin" jdbcType="VARCHAR" />
    <result column="mk_intercept_freq" property="mkInterceptFreq" jdbcType="INTEGER" />
    <result column="update_time" property="updateTime" jdbcType="INTEGER" />
  </resultMap>
</mapper>