<?xml version="1.0" encoding="UTF-8"?>
<!DOCTYPE mapper PUBLIC "-//mybatis.org//DTD Mapper 3.0//EN" "http://mybatis.org/dtd/mybatis-3-mapper.dtd">
<mapper namespace="com.zuzuche.sms.mapper.SmsConfigMapper">
    <resultMap id="BaseResultMap" type="com.zuzuche.sms.entity.SmsConfig">
        <result column="id" jdbcType="INTEGER" property="id" />
        <result column="config_key" jdbcType="VARCHAR" property="configKey" />
        <result column="config_value" jdbcType="VARCHAR" property="configValue" />
        <result column="create_time" property="createTime" jdbcType="TIMESTAMP" />
        <result column="update_time" property="updateTime" jdbcType="TIMESTAMP" />
        <result column="remark" property="remark" jdbcType="VARCHAR" />

    </resultMap>
    <update id="updateOffset" parameterType="map">
        update sms_config set config_value=#{configValue} , update_time = #{updateTime} where config_key = #{configKey}
    </update>


    <select id="queryOffset" resultMap="BaseResultMap">
        select * from sms_config where config_key = #{configKey}
    </select>




</mapper>