<?xml version="1.0" encoding="UTF-8"?>
<!DOCTYPE mapper PUBLIC "-//mybatis.org//DTD Mapper 3.0//EN" "http://mybatis.org/dtd/mybatis-3-mapper.dtd">
<mapper namespace="com.zuzuche.sms.mapper.SmsClassConfigMapper">
  <resultMap id="BaseResultMap" type="com.zuzuche.sms.entity.SmsClassConfig">
    <result column="id" jdbcType="INTEGER" property="id" />
    <result column="provider_id" jdbcType="INTEGER" property="providerId" />
    <result column="syn_service_class" jdbcType="VARCHAR" property="synServiceClass" />
    <result column="out_bound_topic" jdbcType="VARCHAR" property="outBoundTopic" />
    <result column="create_time" jdbcType="TIMESTAMP" property="createTime" />
    <result column="valid_state" jdbcType="INTEGER" property="validState" />
  </resultMap>


    <select id="queryAllClassConfigList"  resultMap="BaseResultMap" parameterType="map">
      select * from sms_class_config where valid_state = 1
    </select>


</mapper>