<?xml version="1.0" encoding="UTF-8" ?>
<!DOCTYPE mapper PUBLIC "-//mybatis.org//DTD Mapper 3.0//EN" "http://mybatis.org/dtd/mybatis-3-mapper.dtd" >
<mapper namespace="com.zuzuche.sms.mapper.SmsFilePhoneListMapper" >
  <resultMap id="BaseResultMap" type="com.zuzuche.sms.entity.SmsFilePhoneList" >
    <result column="id" property="id" jdbcType="INTEGER" />
    <result column="file_id" property="fileId" jdbcType="VARCHAR" />
    <result column="phone" property="phone" jdbcType="VARCHAR" />
    <result column="create_time" property="createTime" jdbcType="TIMESTAMP" />
  </resultMap>
  <select id="searchWithOffset" parameterType="com.zuzuche.sms.entity.SmsBatchTask" resultType="com.zuzuche.sms.entity.SmsFilePhoneList">
    select * from zuzuche_sms_db.sms_file_phone_list where id>#{offset} and file_id=#{fileId} order by id asc limit 5
  </select>
</mapper>