<?xml version="1.0" encoding="UTF-8"?>
<!DOCTYPE mapper PUBLIC "-//mybatis.org//DTD Mapper 3.0//EN" "http://mybatis.org/dtd/mybatis-3-mapper.dtd">
<mapper namespace="com.zuzuche.sms.mapper.SmsInboundMapper">
  <resultMap id="BaseResultMap" type="com.zuzuche.sms.entity.SmsInbound">
    <result column="id" jdbcType="INTEGER" property="id" />
    <result column="port" jdbcType="INTEGER" property="port" />
    <result column="phone" jdbcType="VARCHAR" property="phone" />
    <result column="msg" jdbcType="VARCHAR" property="msg" />
    <result column="account_id" jdbcType="VARCHAR" property="accountId" />
    <result column="create_time" jdbcType="TIMESTAMP" property="createTime" />
  </resultMap>


    <select id="queryListByIdLimit" resultMap="BaseResultMap" parameterType="map">
        select * from sms_inbound where id >#{id} limit #{count}
    </select>


</mapper>