<?xml version="1.0" encoding="UTF-8" ?>
<!DOCTYPE mapper PUBLIC "-//mybatis.org//DTD Mapper 3.0//EN" "http://mybatis.org/dtd/mybatis-3-mapper.dtd" >
<mapper namespace="com.zuzuche.sms.mapper.SmsMtMarketMapper" >
  <resultMap id="BaseResultMap" type="com.zuzuche.sms.entity.SmsMtMarket" >
    <result column="id" property="id" jdbcType="BIGINT" />
    <result column="mobile" property="mobile" jdbcType="VARCHAR" />
    <result column="area_code" property="areaCode" jdbcType="VARCHAR" />
    <result column="type" property="type" jdbcType="TINYINT" />
    <result column="region_type" property="regionType" jdbcType="TINYINT" />
    <result column="sign_type" property="signType" jdbcType="TINYINT" />
    <result column="supplier" property="supplier" jdbcType="VARCHAR" />
    <result column="admin" property="admin" jdbcType="VARCHAR" />
    <result column="batch" property="batch" jdbcType="VARCHAR" />
    <result column="from_type" property="fromType" jdbcType="VARCHAR" />
    <result column="from_unique_id" property="fromUniqueId" jdbcType="VARCHAR" />
    <result column="task_id" property="taskId" jdbcType="INTEGER" />
    <result column="push_status" property="pushStatus" jdbcType="VARCHAR" />
    <result column="request_status" property="requestStatus" jdbcType="TINYINT" />
    <result column="status" property="status" jdbcType="TINYINT" />
    <result column="sign" property="sign" jdbcType="VARCHAR" />
    <result column="ext" property="ext" jdbcType="VARCHAR" />
    <result column="send_count" property="sendCount" jdbcType="TINYINT" />
    <result column="update_time" property="updateTime" jdbcType="INTEGER" />
    <result column="send_time" property="sendTime" jdbcType="INTEGER" />
    <result column="add_time" property="addTime" jdbcType="INTEGER" />
    <result column="content" property="content" jdbcType="LONGVARCHAR" />
    <result column="extra_param" property="extraParam" jdbcType="LONGVARCHAR" />
  </resultMap>


  <update id="updateRequestStatusByTaskId">
    UPDATE zuzuche_sms_db.sms_mt_market_tbl
    <set>
      request_status = #{requestStatus},
      <if test="supplier!=null">
        supplier = #{supplier},
      </if>
    </set>
    WHERE
    task_id = #{taskId}
    <choose>
      <when test="mobileList != null and mobileList.size > 0" >
        and mobile in
        <foreach collection="mobileList" index="index" item="item" open="(" separator="," close=")">
          #{item}
        </foreach>
      </when>
      <otherwise>
        and 1=2
      </otherwise>
    </choose>

  </update>

  <update id="updateRepeatMobilesStatus" >
    UPDATE zuzuche_sms_db.sms_mt_market_tbl
    SET
    push_status = 'repeat',
    request_status = 0
    WHERE
    task_id = #{taskId}
    <choose>
      <when test="mobileList != null and mobileList.size > 0" >
        and mobile in
        <foreach collection="mobileList" index="index" item="item" open="(" separator="," close=")">
          #{item}
        </foreach>
      </when>
      <otherwise>
        and 1=2
      </otherwise>
    </choose>
  </update>

  <update id="updateStatusReportByMobileAndTaskId" parameterType="com.zuzuche.sms.entity.SmsMtMarket">
    UPDATE zuzuche_sms_db.sms_mt_market_tbl SET sms_mt_market_tbl.status = #{status}
    WHERE sms_mt_market_tbl.task_id=#{taskId} and sms_mt_market_tbl.mobile=#{mobile}
  </update>

  <select id="searchBillCountByBatchNo" parameterType="map" resultType="java.lang.Integer">
    select sum(send_count) from zuzuche_sms_db.sms_mt_market_tbl
    <where>
       batch=#{batchNo} and status=1
    </where>
  </select>

  <select id="arrivalSuccessByBatchNo" parameterType="map" resultType="java.lang.Integer">
    select count(*) from zuzuche_sms_db.sms_mt_market_tbl
    <where>
      batch=#{batchNo} and status=1
    </where>
  </select>

  <select id="arrivalFailByBatchNo" parameterType="map" resultType="java.lang.Integer">
    select count(*) from zuzuche_sms_db.sms_mt_market_tbl
    <where>
      batch=#{batchNo} and status=2
    </where>
  </select>

  <select id="pushSuccessByBatchNo"  parameterType="map" resultType="java.lang.Integer">
    select count(*) from zuzuche_sms_db.sms_mt_market_tbl
    <where>
      batch=#{batchNo} and request_status=1
    </where>
  </select>

  <select id="pushCountByBatchNo" parameterType="map" resultType="java.lang.Integer">
    select count(*) from zuzuche_sms_db.sms_mt_market_tbl
    <where>
      batch=#{batchNo}
    </where>
  </select>
</mapper>