<?xml version="1.0" encoding="UTF-8" ?>
<!DOCTYPE mapper PUBLIC "-//mybatis.org//DTD Mapper 3.0//EN" "http://mybatis.org/dtd/mybatis-3-mapper.dtd" >
<mapper namespace="com.zuzuche.sms.mapper.SmsOutboundRetryLogMapper" >
  <resultMap id="BaseResultMap" type="com.zuzuche.sms.entity.SmsOutboundRetryLog" >
    <result column="id" property="id" jdbcType="INTEGER" />
    <result column="task_id" property="taskId" jdbcType="VARCHAR" />
    <result column="account_id" property="accountId" jdbcType="SMALLINT" />
    <result column="next_account_id" property="nextAccountId" jdbcType="SMALLINT" />
    <result column="retry_no" property="retryNo" jdbcType="TINYINT" />
    <result column="resp_code" property="respCode" jdbcType="VARCHAR" />
    <result column="batch_no" property="batchNo" jdbcType="VARCHAR" />
    <result column="create_time" property="createTime" jdbcType="TIMESTAMP" />
  </resultMap>
</mapper>