<?xml version="1.0" encoding="UTF-8"?>
<!DOCTYPE mapper PUBLIC "-//mybatis.org//DTD Mapper 3.0//EN" "http://mybatis.org/dtd/mybatis-3-mapper.dtd">
<mapper namespace="com.zuzuche.sms.mapper.SmsOutboundMapper">
  <resultMap id="BaseResultMap" type="com.zuzuche.sms.entity.SmsOutbound">
    <result column="id" jdbcType="INTEGER" property="id" />
    <result column="task_id" jdbcType="VARCHAR" property="taskId" />
    <result column="content" jdbcType="VARCHAR" property="content" />
    <result column="account_id" jdbcType="INTEGER" property="accountId" />
    <result column="create_time" jdbcType="TIMESTAMP" property="createTime" />
    <result column="batch_no" jdbcType="VARCHAR" property="batchNo" />
    <result column="resp_code" jdbcType="VARCHAR" property="respCode" />
    <result column="log_id" jdbcType="VARCHAR" property="logId" />
  </resultMap>

    <update id="updateResultByTaskId">
        update sms_outbound
        <set>
            batch_no = #{batchNo} ,resp_code = #{respCode},log_id=#{logId}, update_time = #{updateTime},
            <if test="accountId!=0">
                account_id = #{accountId},
            </if>
        </set>
        where task_id=#{taskId}
    </update>


    <select id="queryByBatchNo" resultMap="BaseResultMap" parameterType="map">
        select * from sms_outbound where batch_no = #{batchNo}
    </select>


    <select id="queryByTaskId" resultMap="BaseResultMap" parameterType="map">
        select * from sms_outbound where task_id = #{taskId}
    </select>

    <select id="queryByBatchNoList" resultMap="BaseResultMap" parameterType="map">
        select * from sms_outbound where batch_no in
        <foreach collection="batchNoList" index="index" item="item" open="(" separator="," close=")">
            #{item}
        </foreach>
    </select>


    <select id="queryMaxTaskId" resultType="java.lang.Long">
        select max(task_id) from sms_outbound
    </select>

</mapper>