<?xml version="1.0" encoding="UTF-8" ?>
<!DOCTYPE mapper PUBLIC "-//mybatis.org//DTD Mapper 3.0//EN" "http://mybatis.org/dtd/mybatis-3-mapper.dtd" >
<mapper namespace="com.zuzuche.sms.mapper.SmsSendErrorLogMapper" >
  <resultMap id="BaseResultMap" type="com.zuzuche.sms.entity.SmsSendErrorLog" >
    <result column="id" property="id" jdbcType="BIGINT" />
    <result column="type" property="type" jdbcType="TINYINT" />
    <result column="mobile" property="mobile" jdbcType="VARCHAR" />
    <result column="msg" property="msg" jdbcType="VARCHAR" />
    <result column="add_time" property="addTime" jdbcType="INTEGER" />
    <result column="content" property="content" jdbcType="LONGVARCHAR" />
  </resultMap>
</mapper>