<?xml version="1.0" encoding="UTF-8" ?>
<!DOCTYPE mapper PUBLIC "-//mybatis.org//DTD Mapper 3.0//EN" "http://mybatis.org/dtd/mybatis-3-mapper.dtd" >
<mapper namespace="com.zuzuche.sms.mapper.SmsSignMapper" >
  <resultMap id="BaseResultMap" type="com.zuzuche.sms.entity.SmsSign" >
    <result column="id" property="id" jdbcType="INTEGER" />
    <result column="val" property="val" jdbcType="SMALLINT" />
    <result column="name" property="name" jdbcType="VARCHAR" />
    <result column="all_format_names" property="allFormatNames" jdbcType="VARCHAR" />
    <result column="add_time" property="addTime" jdbcType="INTEGER" />
    <result column="deleted" property="deleted" jdbcType="INTEGER"/>
  </resultMap>
</mapper>