<?xml version="1.0" encoding="UTF-8"?>
<!DOCTYPE mapper PUBLIC "-//mybatis.org//DTD Mapper 3.0//EN" "http://mybatis.org/dtd/mybatis-3-mapper.dtd">
<mapper namespace="com.zuzuche.sms.mapper.SmsSpecialPhoneMapper">
  <resultMap id="BaseResultMap" type="com.zuzuche.sms.entity.SmsSpecialPhone">
    <result column="id" jdbcType="INTEGER" property="id" />
    <result column="phone" jdbcType="VARCHAR" property="phone" />
    <result column="phone_type" jdbcType="TINYINT" property="phoneType" />
    <result column="valid_state"  jdbcType="TINYINT" property="validState"/>
    <result column="create_time" jdbcType="TIMESTAMP" property="createTime" />
  </resultMap>


    <select id="queryAllList"  resultMap="BaseResultMap" parameterType="map">
        select * from sms_special_phone where valid_state = 1 limit 2000
    </select>

</mapper>