<?xml version="1.0" encoding="UTF-8" ?>
<!DOCTYPE mapper PUBLIC "-//mybatis.org//DTD Mapper 3.0//EN" "http://mybatis.org/dtd/mybatis-3-mapper.dtd" >
<mapper namespace="com.zuzuche.sms.mapper.SmsUploadFileLogMapper" >
  <resultMap id="BaseResultMap" type="com.zuzuche.sms.entity.SmsUploadFileLog" >
    <result column="id" property="id" jdbcType="INTEGER" />
    <result column="file_id" property="fileId" jdbcType="VARCHAR" />
    <result column="upload_time" property="uploadTime" jdbcType="TIMESTAMP" />
    <result column="remark" property="remark" jdbcType="VARCHAR" />
    <result column="creator" property="creator" jdbcType="VARCHAR" />
    <result column="deleted" property="deleted" jdbcType="INTEGER" />
    <result column="send_count" property="sendCount" jdbcType="INTEGER" />
    <result column="file_name" property="fileName" jdbcType="VARCHAR" />
    <result column="import_phone_batch" property="importPhoneBatch" jdbcType="VARCHAR" />
  </resultMap>

  <select id="findById" parameterType="map" resultType="com.zuzuche.sms.entity.SmsUploadFileLog">
    select * from zuzuche_sms_db.sms_upload_file_log where id=#{id} and deleted=0
  </select>

  <select id="findByRecord" parameterType="map" resultType="com.zuzuche.sms.entity.SmsUploadFileLog">
    select * from zuzuche_sms_db.sms_upload_file_log where recorded=#{recorded}
    and upload_time > #{beginTime}
  </select>
</mapper>