<?xml version="1.0" encoding="UTF-8"?>
<!DOCTYPE mapper PUBLIC "-//mybatis.org//DTD Mapper 3.0//EN" "http://mybatis.org/dtd/mybatis-3-mapper.dtd">
<mapper namespace="com.zuzuche.sms.mapper.StatusReportMapper">
  <resultMap id="BaseResultMap" type="com.zuzuche.sms.entity.StatusReport">
    <result column="id" jdbcType="INTEGER" property="id" />
    <result column="batch_no" jdbcType="INTEGER" property="batchNo" />
    <result column="phone" jdbcType="VARCHAR" property="phone" />
    <result column="status" jdbcType="INTEGER" property="status" />
    <result column="recv_time" jdbcType="VARCHAR" property="recvTime" />
    <result column="create_time" jdbcType="TIMESTAMP" property="createTime" />
    <result column="account_id" jdbcType="TIMESTAMP" property="accountId" />

  </resultMap>


    <select id="queryListByBatchNo" resultMap="BaseResultMap" parameterType="map">
        select * from status_report where batch_no = #{batchNo}
    </select>


    <select id="queryListByIdLimit" resultMap="BaseResultMap" parameterType="map">
        select * from status_report where id >#{id} limit #{count}
    </select>


</mapper>