<?xml version="1.0" encoding="UTF-8" ?>
<!DOCTYPE mapper PUBLIC "-//mybatis.org//DTD Mapper 3.0//EN" "http://mybatis.org/dtd/mybatis-3-mapper.dtd" >
<mapper namespace="com.zuzuche.sms.mapper.SupplierMatchRulesMapper" >
  <resultMap id="BaseResultMap" type="com.zuzuche.sms.entity.SupplierMatchRules" >
    <result column="id" property="id" jdbcType="INTEGER" />
    <result column="sign" property="sign" jdbcType="VARCHAR" />
    <result column="name" property="name" jdbcType="VARCHAR" />
    <result column="level" property="level" jdbcType="SMALLINT" />
    <result column="status" property="status" jdbcType="TINYINT" />
    <result column="cut_standard" property="cutStandard" jdbcType="TINYINT" />
    <result column="is_only" property="isOnly" jdbcType="TINYINT" />
    <result column="add_time" property="addTime" jdbcType="INTEGER" />
  </resultMap>
  <resultMap id="ResultMapWithBLOBs" type="com.zuzuche.sms.entity.SupplierMatchRules" extends="BaseResultMap" >
    <result column="desc" property="desc" jdbcType="LONGVARCHAR" />
  </resultMap>
  <sql id="Blob_Column_List" >
    desc
  </sql>
</mapper>