<?xml version="1.0" encoding="UTF-8" ?>
<!DOCTYPE mapper PUBLIC "-//mybatis.org//DTD Mapper 3.0//EN" "http://mybatis.org/dtd/mybatis-3-mapper.dtd" >
<mapper namespace="com.zuzuche.sms.mapper.SupplierConfigMapper" >
  <resultMap id="BaseResultMap" type="com.zuzuche.sms.entity.SupplierConfig" >
    <result column="id" property="id" jdbcType="INTEGER" />
    <result column="supplier" property="supplier" jdbcType="VARCHAR" />
    <result column="sms_type" property="smsType" jdbcType="TINYINT" />
    <result column="region_type" property="regionType" jdbcType="TINYINT" />
    <result column="price" property="price" jdbcType="DECIMAL" />
    <result column="unit_max_count" property="unitMaxCount" jdbcType="SMALLINT" />
    <result column="unit_cut_count" property="unitCutCount" jdbcType="SMALLINT" />
    <result column="prefix" property="prefix" jdbcType="VARCHAR" />
    <result column="suffix" property="suffix" jdbcType="VARCHAR" />
    <result column="cost_type" property="costType" jdbcType="TINYINT" />
    <result column="unknow_status_report_cost_type" property="unknowStatusReportCostType" jdbcType="TINYINT" />
    <result column="add_time" property="addTime" jdbcType="INTEGER" />
    <result column="account_id" property="accountId" jdbcType="INTEGER" />
  </resultMap>
</mapper>